trigger_selection,sample_selection,poison_size,watermark_size,iteration,acc_clean,fp,acc_xb
CountAbsSHAP,p-value,30,4,0,0.99147,0.00424,0.5386454344699042
CountAbsSHAP,p-value,30,8,0,0.99171,0.00505,0.0323530304409845
CountAbsSHAP,p-value,30,16,0,0.99135,0.00507,0.0177774178199378
CountAbsSHAP,p-value,150,4,0,0.99146,0.00728,0.2530700868511412
CountAbsSHAP,p-value,150,8,0,0.99165,0.00747,0.0147259202438507
CountAbsSHAP,p-value,150,16,0,0.99139,0.00681,0.0064370092664638
CountAbsSHAP,p-value,300,4,0,0.990515,0.01098,0.2459551819034082
CountAbsSHAP,p-value,300,8,0,0.991215,0.00835,0.070217404469206
CountAbsSHAP,p-value,300,16,0,0.99084,0.00968,0.0046300032278889
CountAbsSHAP,instance,30,4,0,0.991895,0.00614,0.7877122624832059
CountAbsSHAP,instance,30,8,0,0.99217,0.00443,0.5733183652416639
CountAbsSHAP,instance,30,16,0,0.992085,0.00579,0.548345387692432
CountAbsSHAP,instance,150,4,0,0.991995,0.00534,0.7804979127288165
CountAbsSHAP,instance,150,8,0,0.991545,0.00691,0.5987272727272728
CountAbsSHAP,instance,150,16,0,0.99133,0.00822,0.5461105280155014
CountAbsSHAP,instance,300,4,0,0.991785,0.00737,0.8325731123983289
CountAbsSHAP,instance,300,8,0,0.99188,0.007,0.5815737413702612
CountAbsSHAP,instance,300,16,0,0.99201,0.00645,0.4964915646107403
MinPopulation,p-value,30,4,0,0.99174,0.00531,0.0184467884990746
MinPopulation,p-value,30,8,0,0.991985,0.00402,0.0005566857964149
MinPopulation,p-value,30,16,0,0.99204,0.00511,0.0016174850129904
MinPopulation,p-value,150,4,0,0.992045,0.00668,0.0271001342390262
MinPopulation,p-value,150,8,0,0.99137,0.0058,0.001628664495114
MinPopulation,p-value,150,16,0,0.99174,0.00681,0.0025548071776954
MinPopulation,p-value,300,4,0,0.99085,0.00926,0.1438100427867926
MinPopulation,p-value,300,8,0,0.991425,0.00843,0.0186526511177467
MinPopulation,p-value,300,16,0,0.99179,0.00634,0.0013031356069177
MinPopulation,instance,30,4,0,0.991585,0.00751,0.8077885896555901
MinPopulation,instance,30,8,0,0.991875,0.00704,0.6542052301698644
MinPopulation,instance,30,16,0,0.99087,0.00999,0.568461173908221
MinPopulation,instance,150,4,0,0.99158,0.00644,0.8309620048504446
MinPopulation,instance,150,8,0,0.99193,0.00641,0.5686731901400628
MinPopulation,instance,150,16,0,0.99214,0.00492,0.4473817226041245
MinPopulation,instance,300,4,0,0.992315,0.00582,0.6747034176384472
MinPopulation,instance,300,8,0,0.99178,0.00648,0.6022079915962991
MinPopulation,instance,300,16,0,0.99172,0.00671,0.5308993586830278
GreedySelection,p-value,30,4,0,0.991905,0.00627,0.9976466548157724
GreedySelection,p-value,30,8,0,0.991745,0.00584,0.9979784298464618
GreedySelection,p-value,30,16,0,0.99151,0.00696,0.9985050203034403
GreedySelection,p-value,150,4,0,0.991405,0.00742,0.993647940377488
GreedySelection,p-value,150,8,0,0.99144,0.00549,0.9965802280522476
GreedySelection,p-value,150,16,0,0.99147,0.00639,0.9969979683219956
GreedySelection,p-value,300,4,0,0.9919,0.00625,0.9927478410181304
GreedySelection,p-value,300,8,0,0.99152,0.00713,0.9959299918195864
GreedySelection,p-value,300,16,0,0.992035,0.00691,0.9924922803689278
GreedySelection,instance,30,4,0,0.99049,0.0092,0.9701266436405502
GreedySelection,instance,30,8,0,0.99137,0.00768,0.9637325579047272
GreedySelection,instance,30,16,0,0.991085,0.00935,0.9348273358076488
GreedySelection,instance,150,4,0,0.991355,0.00781,0.9632112425796552
GreedySelection,instance,150,8,0,0.991485,0.00747,0.9504563628286418
GreedySelection,instance,150,16,0,0.992035,0.00495,0.9011850114254516
GreedySelection,instance,300,4,0,0.99161,0.00765,0.9680583729449878
GreedySelection,instance,300,8,0,0.99181,0.00692,0.9508449936398328
GreedySelection,instance,300,16,0,0.99185,0.00521,0.9041773265514556
VR,p-value,30,4,0,0.99161,0.006,0.0002426153939467
VR,p-value,30,8,0,0.99154,0.00679,0.0001616373867275
VR,p-value,30,16,0,0.99187,0.0059,0.0001313608989127
VR,p-value,150,4,0,0.991345,0.00769,0.0010299077121912
VR,p-value,150,8,0,0.99132,0.00735,0.0002222244669138
VR,p-value,150,16,0,0.99166,0.00664,0.0002323326194997
VR,p-value,300,4,0,0.991235,0.00849,0.0005751998062484
VR,p-value,300,8,0,0.99106,0.00912,0.00021185585731
VR,p-value,300,16,0,0.991055,0.00965,0.0001814955231104
VR,instance,30,4,0,0.99198,0.00534,0.7204184777115132
VR,instance,30,8,0,0.99185,0.00585,0.4987822747713607
VR,instance,30,16,0,0.991085,0.00902,0.3610105025272652
VR,instance,150,4,0,0.992085,0.00603,0.6411331044233488
VR,instance,150,8,0,0.99129,0.0091,0.5680763956114876
VR,instance,150,16,0,0.991525,0.00815,0.3731537530266344
VR,instance,300,4,0,0.991855,0.00411,0.6096353586685833
VR,instance,300,8,0,0.991485,0.00646,0.538178547244373
VR,instance,300,16,0,0.99162,0.0063,0.2936617013966085
CountAbsSHAP,p-value,30,4,0,0.991575,0.00568,0.3282667394799915
CountAbsSHAP,p-value,30,8,0,0.991925,0.00604,0.025669518835426158
CountAbsSHAP,p-value,30,16,0,0.99175,0.0052,0.003964802265601294
CountAbsSHAP,p-value,150,4,0,0.99071,0.0095,0.3284321640495701
CountAbsSHAP,p-value,150,8,0,0.991965,0.00741,0.03339923739584805
CountAbsSHAP,p-value,150,16,0,0.99112,0.00918,0.0036916745677916525
CountAbsSHAP,p-value,300,4,0,0.991425,0.00876,0.12650134629541857
CountAbsSHAP,p-value,300,8,0,0.99081,0.00965,0.05546420248771777
CountAbsSHAP,p-value,300,16,0,0.99087,0.00962,0.015826743060038735
CountAbsSHAP,instance,30,4,0,0.992105,0.00614,0.6676124602413288
CountAbsSHAP,instance,30,8,0,0.991565,0.00732,0.6249179665808471
CountAbsSHAP,instance,30,16,0,0.99196,0.0045,0.4512251876732563
CountAbsSHAP,instance,150,4,0,0.991505,0.00734,0.79538546978341
CountAbsSHAP,instance,150,8,0,0.99216,0.00669,0.5920121895843634
CountAbsSHAP,instance,150,16,0,0.992005,0.0059,0.5364831146265823
CountAbsSHAP,instance,300,4,0,0.99209,0.00535,0.7461421078693925
CountAbsSHAP,instance,300,8,0,0.992225,0.00507,0.5864257417737894
CountAbsSHAP,instance,300,16,0,0.992065,0.00596,0.5093678352473008
MinPopulation,p-value,30,4,0,0.991835,0.00542,0.008806074270288851
MinPopulation,p-value,30,8,0,0.99142,0.00768,0.000726890925978274
MinPopulation,p-value,30,16,0,0.991105,0.00605,0.0004755833485115253
MinPopulation,p-value,150,4,0,0.99158,0.00649,0.014560703278936998
MinPopulation,p-value,150,8,0,0.99147,0.00656,0.012794340576048509
MinPopulation,p-value,150,16,0,0.991415,0.00629,0.014710045292785506
MinPopulation,p-value,300,4,0,0.991175,0.00886,0.10624388373805753
MinPopulation,p-value,300,8,0,0.99033,0.01236,0.026927957140843086
MinPopulation,p-value,300,16,0,0.99133,0.00804,0.0013122034924800646
MinPopulation,instance,30,4,0,0.991965,0.00551,0.7423289941785253
MinPopulation,instance,30,8,0,0.99194,0.00523,0.6156342570593766
MinPopulation,instance,30,16,0,0.991505,0.00606,0.4945049389830851
MinPopulation,instance,150,4,0,0.991355,0.0083,0.7970757106386414
MinPopulation,instance,150,8,0,0.991885,0.00689,0.5733349484182262
MinPopulation,instance,150,16,0,0.99114,0.00842,0.4999596245079237
MinPopulation,instance,300,4,0,0.99183,0.00668,0.7905365833956015
MinPopulation,instance,300,8,0,0.991925,0.00457,0.5588211489043119
MinPopulation,instance,300,16,0,0.992095,0.00507,0.4627802599923175
GreedySelection,p-value,30,4,0,0.99176,0.00712,0.9978296858596463
GreedySelection,p-value,30,8,0,0.9911,0.0066,0.9982807443365695
GreedySelection,p-value,30,16,0,0.991415,0.00442,0.997680425424158
GreedySelection,p-value,150,4,0,0.991335,0.00875,0.9947549978818261
GreedySelection,p-value,150,8,0,0.99197,0.00511,0.9962185935999192
GreedySelection,p-value,150,16,0,0.99106,0.00761,0.997140634314409
GreedySelection,p-value,300,4,0,0.992065,0.00637,0.9945482079757698
GreedySelection,p-value,300,8,0,0.991105,0.0101,0.993076760286604
GreedySelection,p-value,300,16,0,0.99173,0.006,0.9911770056394397
GreedySelection,instance,30,4,0,0.991735,0.00747,0.9658304236381617
GreedySelection,instance,30,8,0,0.992065,0.00548,0.9382079809217773
GreedySelection,instance,30,16,0,0.991735,0.0053,0.8964167602172396
GreedySelection,instance,150,4,0,0.991665,0.0065,0.9416768536011234
GreedySelection,instance,150,8,0,0.991905,0.00635,0.9578451967358811
GreedySelection,instance,150,16,0,0.99169,0.00402,0.8848490986429005
GreedySelection,instance,300,4,0,0.991825,0.00715,0.9624646750100928
GreedySelection,instance,300,8,0,0.991715,0.00736,0.9512712078240596
GreedySelection,instance,300,16,0,0.991135,0.00896,0.9336985361621419
VR,p-value,30,4,0,0.99115,0.00676,0.0002729864720037207
VR,p-value,30,8,0,0.99165,0.00687,0.00019188624175646605
VR,p-value,30,16,0,0.991665,0.00566,1.0111325695911991e-05
VR,p-value,150,4,0,0.9909,0.00843,0.0004746372054977126
VR,p-value,150,8,0,0.991195,0.00908,0.00037318325314936407
VR,p-value,150,16,0,0.99118,0.00883,0.00019168877813537262
VR,p-value,300,4,0,0.99119,0.00776,0.00032318662007392894
VR,p-value,300,8,0,0.99052,0.01212,0.000281928390188892
VR,p-value,300,16,0,0.99097,0.01016,0.0001612740651144038
VR,instance,30,4,0,0.9915,0.0065,0.7748054573016675
VR,instance,30,8,0,0.991885,0.00614,0.5230778555626269
VR,instance,30,16,0,0.991795,0.00729,0.3617087841110932
VR,instance,150,4,0,0.992095,0.00633,0.5792613980535476
VR,instance,150,8,0,0.991535,0.0071,0.5513093711180909
VR,instance,150,16,0,0.991,0.00859,0.43114709415600805
VR,instance,300,4,0,0.992335,0.006,0.5948499500338155
VR,instance,300,8,0,0.99215,0.0046,0.521185155222975
VR,instance,300,16,0,0.991985,0.00552,0.29830518752084406
CountAbsSHAP,p-value,30,4,1,0.99167,0.0068,0.5494879511988203
CountAbsSHAP,p-value,30,8,1,0.991345,0.00493,0.12930074320082624
CountAbsSHAP,p-value,30,16,1,0.991675,0.00724,0.0007268395602620661
CountAbsSHAP,p-value,150,4,1,0.991725,0.00645,0.25392463885240935
CountAbsSHAP,p-value,150,8,1,0.99189,0.00662,0.07838247172859451
CountAbsSHAP,p-value,150,16,1,0.991585,0.00744,0.027548682125155207
CountAbsSHAP,p-value,300,4,1,0.99181,0.0075,0.3731536040035515
CountAbsSHAP,p-value,300,8,1,0.99059,0.00925,0.10902335349292731
CountAbsSHAP,p-value,300,16,1,0.99114,0.0074,0.0339301592433918
CountAbsSHAP,instance,30,4,1,0.99068,0.00944,0.9075797335486475
CountAbsSHAP,instance,30,8,1,0.99099,0.01018,0.6058196258667957
CountAbsSHAP,instance,30,16,1,0.991595,0.00791,0.5091312682877611
CountAbsSHAP,instance,150,4,1,0.991625,0.00588,0.8149383801926946
CountAbsSHAP,instance,150,8,1,0.992055,0.00494,0.5537030483797584
CountAbsSHAP,instance,150,16,1,0.991575,0.0085,0.5257096757928704
CountAbsSHAP,instance,300,4,1,0.991315,0.00608,0.8361400208352298
CountAbsSHAP,instance,300,8,1,0.992005,0.0052,0.5356799870603816
CountAbsSHAP,instance,300,16,1,0.99128,0.00711,0.49730718320248163
MinPopulation,p-value,30,4,1,0.99149,0.00513,0.023388084322595662
MinPopulation,p-value,30,8,1,0.99204,0.00464,0.0003641071284084473
MinPopulation,p-value,30,16,1,0.991785,0.00535,0.0003134732839865712
MinPopulation,p-value,150,4,1,0.99142,0.00751,0.22097238350078255
MinPopulation,p-value,150,8,1,0.991425,0.00697,0.05461599078620355
MinPopulation,p-value,150,16,1,0.991145,0.00884,0.037280679628303046
MinPopulation,p-value,300,4,1,0.99094,0.00748,0.15994178054499877
MinPopulation,p-value,300,8,1,0.991515,0.00796,0.0023612750885478157
MinPopulation,p-value,300,16,1,0.991605,0.0072,0.0017164608596439857
MinPopulation,instance,30,4,1,0.991745,0.00517,0.8275645823640079
MinPopulation,instance,30,8,1,0.99201,0.00676,0.518106946042512
MinPopulation,instance,30,16,1,0.99134,0.00804,0.4890079941860465
MinPopulation,instance,150,4,1,0.99175,0.00696,0.8692627667952265
MinPopulation,instance,150,8,1,0.991435,0.0079,0.6005631983204982
MinPopulation,instance,150,16,1,0.99153,0.00534,0.47719546742209634
MinPopulation,instance,300,4,1,0.991415,0.00716,0.8117960787482702
MinPopulation,instance,300,8,1,0.99155,0.00639,0.6787132765363976
MinPopulation,instance,300,16,1,0.991815,0.00716,0.4639025424156481
GreedySelection,p-value,30,4,1,0.99145,0.00864,0.9979224237045404
GreedySelection,p-value,30,8,1,0.99175,0.00654,0.9981818916407418
GreedySelection,p-value,30,16,1,0.991535,0.00584,0.9985438513110394
GreedySelection,p-value,150,4,1,0.99185,0.00737,0.9969729686096844
GreedySelection,p-value,150,8,1,0.991495,0.0071,0.9952226565261744
GreedySelection,p-value,150,16,1,0.99091,0.00842,0.9969603328486023
GreedySelection,p-value,300,4,1,0.99206,0.00578,0.9915344984341853
GreedySelection,p-value,300,8,1,0.991305,0.0073,0.9930801790061723
GreedySelection,p-value,300,16,1,0.991335,0.00877,0.9927378358750908
GreedySelection,instance,30,4,1,0.991225,0.00808,0.9668864143438362
GreedySelection,instance,30,8,1,0.991565,0.00565,0.9122150528934647
GreedySelection,instance,30,16,1,0.99124,0.00667,0.911196481827832
GreedySelection,instance,150,4,1,0.991975,0.00692,0.9538990987717864
GreedySelection,instance,150,8,1,0.991115,0.00607,0.9333299605382981
GreedySelection,instance,150,16,1,0.99225,0.00575,0.8950164099974753
GreedySelection,instance,300,4,1,0.991195,0.00877,0.9526211711529925
GreedySelection,instance,300,8,1,0.991645,0.00605,0.9399498655669436
GreedySelection,instance,300,16,1,0.991315,0.00775,0.9421636139663564
VR,p-value,30,4,1,0.992265,0.00548,0.0004949444955101464
VR,p-value,30,8,1,0.991805,0.00477,0.00018211619012930248
VR,p-value,30,16,1,0.99156,0.00489,0.00013157761561117802
VR,p-value,150,4,1,0.991185,0.00568,0.00035423308537017357
VR,p-value,150,8,1,0.99215,0.00667,0.0001816402111062898
VR,p-value,150,16,1,0.991545,0.00726,0.00020194880597768466
VR,p-value,300,4,1,0.991325,0.00719,0.003343974783803443
VR,p-value,300,8,1,0.991345,0.00764,0.008037724798804439
VR,p-value,300,16,1,0.9913,0.00898,0.0003126323645091672
VR,instance,30,4,1,0.991575,0.00487,0.6841055849071881
VR,instance,30,8,1,0.99182,0.00539,0.429855514999545
VR,instance,30,16,1,0.99226,0.00668,0.3810230024213075
VR,instance,150,4,1,0.99142,0.00624,0.7209426942208922
VR,instance,150,8,1,0.99158,0.00715,0.460785006715069
VR,instance,150,16,1,0.992085,0.00554,0.22668256357923028
VR,instance,300,4,1,0.991255,0.00758,0.6028441858820915
VR,instance,300,8,1,0.991765,0.00468,0.440827354509669
VR,instance,300,16,1,0.991255,0.00396,0.2861719058866463
CountAbsSHAP,p-value,30,4,2,0.990685,0.0084,0.5410347858593411
CountAbsSHAP,p-value,30,8,2,0.991005,0.00831,0.0904758058001454
CountAbsSHAP,p-value,30,16,2,0.9918,0.00513,0.024000485471261112
CountAbsSHAP,p-value,150,4,2,0.9918,0.00628,0.2061057906008809
CountAbsSHAP,p-value,150,8,2,0.991245,0.00884,0.15045443999475452
CountAbsSHAP,p-value,150,16,2,0.991405,0.00917,0.016189842537147926
CountAbsSHAP,p-value,300,4,2,0.990875,0.00884,0.2237757296156836
CountAbsSHAP,p-value,300,8,2,0.99143,0.00895,0.012835119629767798
CountAbsSHAP,p-value,300,16,2,0.991435,0.0092,0.01812372110838953
CountAbsSHAP,instance,30,4,2,0.98863,0.01571,0.9066235636524769
CountAbsSHAP,instance,30,8,2,0.990265,0.0114,0.6050225318318833
CountAbsSHAP,instance,30,16,2,0.9917,0.00732,0.4848796834625323
CountAbsSHAP,instance,150,4,2,0.990775,0.0104,0.822733000655275
CountAbsSHAP,instance,150,8,2,0.990585,0.01041,0.6284414772383469
CountAbsSHAP,instance,150,16,2,0.989825,0.01175,0.5152713334678233
CountAbsSHAP,instance,300,4,2,0.99046,0.01116,0.796800661236997
CountAbsSHAP,instance,300,8,2,0.99102,0.00927,0.6246381051336111
CountAbsSHAP,instance,300,16,2,0.99166,0.00578,0.43631584268526946
MinPopulation,p-value,30,4,2,0.990745,0.00939,0.12941022121750365
MinPopulation,p-value,30,8,2,0.99091,0.00859,0.0006966811724437354
MinPopulation,p-value,30,16,2,0.991625,0.00663,0.009657736291267628
MinPopulation,p-value,150,4,2,0.990685,0.00931,0.1840049259094763
MinPopulation,p-value,150,8,2,0.99126,0.00666,0.0012131260235750823
MinPopulation,p-value,150,16,2,0.9912,0.00935,0.0009074867658179985
MinPopulation,p-value,300,4,2,0.991765,0.00722,0.06873580620741862
MinPopulation,p-value,300,8,2,0.99197,0.00476,0.0016890866794781025
MinPopulation,p-value,300,16,2,0.991765,0.00858,0.02115692816320771
MinPopulation,instance,30,4,2,0.991285,0.00933,0.8781026313136405
MinPopulation,instance,30,8,2,0.99049,0.00942,0.6228493537964459
MinPopulation,instance,30,16,2,0.990955,0.00872,0.4928479856253091
MinPopulation,instance,150,4,2,0.991575,0.0059,0.6962640918052677
MinPopulation,instance,150,8,2,0.991895,0.00673,0.5274300367483746
MinPopulation,instance,150,16,2,0.99111,0.00931,0.4781297590592317
MinPopulation,instance,300,4,2,0.991285,0.00656,0.6322222559218708
MinPopulation,instance,300,8,2,0.990885,0.01016,0.6582722571149174
MinPopulation,instance,300,16,2,0.99198,0.00622,0.4448080147043972
GreedySelection,p-value,30,4,2,0.99116,0.00598,0.9978751391277952
GreedySelection,p-value,30,8,2,0.99103,0.0073,0.9978673081588098
GreedySelection,p-value,30,16,2,0.989505,0.01262,0.9984066637758034
GreedySelection,p-value,150,4,2,0.991115,0.00908,0.9974478215694385
GreedySelection,p-value,150,8,2,0.99118,0.00983,0.9972787470141807
GreedySelection,p-value,150,16,2,0.99097,0.00998,0.9973183321235584
GreedySelection,p-value,300,4,2,0.991835,0.00631,0.9954847572678236
GreedySelection,p-value,300,8,2,0.99227,0.00511,0.9928762693881675
GreedySelection,p-value,300,16,2,0.991325,0.00785,0.9957698132256436
GreedySelection,instance,30,4,2,0.99019,0.01133,0.9668451462625163
GreedySelection,instance,30,8,2,0.99183,0.00721,0.9338661983913127
GreedySelection,instance,30,16,2,0.990675,0.00957,0.9355245630323336
GreedySelection,instance,150,4,2,0.9907,0.01035,0.9590420973027477
GreedySelection,instance,150,8,2,0.99105,0.00872,0.9473971054278274
GreedySelection,instance,150,16,2,0.991655,0.00755,0.9091294431100256
GreedySelection,instance,300,4,2,0.991195,0.00833,0.9551942021963824
GreedySelection,instance,300,8,2,0.989945,0.01088,0.9445380865387527
GreedySelection,instance,300,16,2,0.99051,0.01024,0.9002481689970341
VR,p-value,30,4,2,0.99147,0.0073,0.0009997576345128455
VR,p-value,30,8,2,0.9908,0.00857,0.0002423826211660624
VR,p-value,30,16,2,0.9904,0.01135,0.00015118681650960037
VR,p-value,150,4,2,0.991545,0.00721,0.0008482278097546198
VR,p-value,150,8,2,0.99164,0.00802,0.00019166750731362857
VR,p-value,150,16,2,0.99095,0.009,0.00019174487839337975
VR,p-value,300,4,2,0.99137,0.00729,0.0025756795248628827
VR,p-value,300,8,2,0.991885,0.00712,0.000605516253065426
VR,p-value,300,16,2,0.9915,0.00763,0.0002018917254676317
VR,instance,30,4,2,0.99066,0.00941,0.7215588505445479
VR,instance,30,8,2,0.99147,0.00817,0.44894108625682316
VR,instance,30,16,2,0.991215,0.0092,0.35463832276151386
VR,instance,150,4,2,0.989795,0.01256,0.7604192914377866
VR,instance,150,8,2,0.99005,0.01246,0.5379019908116386
VR,instance,150,16,2,0.9914,0.00733,0.36563885550382275
VR,instance,300,4,2,0.99052,0.01076,0.677898769913289
VR,instance,300,8,2,0.990125,0.01033,0.4425387146924024
VR,instance,300,16,2,0.991335,0.00853,0.3813256658595642
CountAbsSHAP,p-value,30,4,3,0.99166,0.00568,0.3921638018200202
CountAbsSHAP,p-value,30,8,3,0.9906,0.00353,0.010063672275649162
CountAbsSHAP,p-value,30,16,3,0.991845,0.00402,0.0013971712344716567
CountAbsSHAP,p-value,150,4,3,0.991295,0.00398,0.18593713573289275
CountAbsSHAP,p-value,150,8,3,0.99159,0.00473,0.019192031662803293
CountAbsSHAP,p-value,150,16,3,0.99161,0.00392,0.01320987904451243
CountAbsSHAP,p-value,300,4,3,0.99067,0.01008,0.16969599160799662
CountAbsSHAP,p-value,300,8,3,0.990755,0.01045,0.05333884430823824
CountAbsSHAP,p-value,300,16,3,0.990115,0.0112,0.017005739184813854
CountAbsSHAP,instance,30,4,3,0.99072,0.01012,0.7972790350558716
CountAbsSHAP,instance,30,8,3,0.99094,0.00894,0.579742031852405
CountAbsSHAP,instance,30,16,3,0.99145,0.00801,0.5191288815331362
CountAbsSHAP,instance,150,4,3,0.99154,0.0062,0.7820536147501213
CountAbsSHAP,instance,150,8,3,0.99034,0.01065,0.5829542130269436
CountAbsSHAP,instance,150,16,3,0.99122,0.00641,0.4437781261060828
CountAbsSHAP,instance,300,4,3,0.99051,0.00836,0.8456002749196466
CountAbsSHAP,instance,300,8,3,0.991175,0.00725,0.5693007275666936
CountAbsSHAP,instance,300,16,3,0.99,0.01035,0.5184631695865098
MinPopulation,p-value,30,4,3,0.991375,0.00586,0.0832178513266101
MinPopulation,p-value,30,8,3,0.99158,0.00427,0.0005468742088046748
MinPopulation,p-value,30,16,3,0.991,0.00467,0.001165536602916882
MinPopulation,p-value,150,4,3,0.990815,0.00387,0.09581938102486048
MinPopulation,p-value,150,8,3,0.990515,0.00348,0.00850169119663589
MinPopulation,p-value,150,16,3,0.99087,0.00375,0.00038559498320632377
MinPopulation,p-value,300,4,3,0.99069,0.01006,0.08354514645364318
MinPopulation,p-value,300,8,3,0.990165,0.01086,0.018856122438684814
MinPopulation,p-value,300,16,3,0.990545,0.01016,0.016746532156368222
MinPopulation,instance,30,4,3,0.99183,0.00628,0.7209931915065559
MinPopulation,instance,30,8,3,0.990635,0.0098,0.5607373848466809
MinPopulation,instance,30,16,3,0.991815,0.00734,0.4675620856332684
MinPopulation,instance,150,4,3,0.991645,0.00744,0.6425060309065033
MinPopulation,instance,150,8,3,0.99149,0.00649,0.5553073867828231
MinPopulation,instance,150,16,3,0.991505,0.00821,0.463580234458546
MinPopulation,instance,300,4,3,0.991355,0.00778,0.7951518945168553
MinPopulation,instance,300,8,3,0.99133,0.00884,0.7339485627836612
MinPopulation,instance,300,16,3,0.991205,0.00814,0.4991166523648478
GreedySelection,p-value,30,4,3,0.9912,0.00481,0.9977005905531751
GreedySelection,p-value,30,8,3,0.991675,0.0051,0.9980474480246851
GreedySelection,p-value,30,16,3,0.991575,0.00422,0.9979136493918187
GreedySelection,p-value,150,4,3,0.99101,0.00458,0.9937867423474559
GreedySelection,p-value,150,8,3,0.99126,0.00446,0.9956939350341446
GreedySelection,p-value,150,16,3,0.991235,0.00367,0.9960857484738476
GreedySelection,p-value,300,4,3,0.99106,0.00938,0.9933232476046394
GreedySelection,p-value,300,8,3,0.990235,0.01215,0.9971892567145534
GreedySelection,p-value,300,16,3,0.99146,0.00819,0.995227573125082
GreedySelection,instance,30,4,3,0.991105,0.00776,0.9547360021010738
GreedySelection,instance,30,8,3,0.990665,0.01009,0.9621956385790079
GreedySelection,instance,30,16,3,0.9913,0.00783,0.9012449138253082
GreedySelection,instance,150,4,3,0.99084,0.00739,0.9312990991537505
GreedySelection,instance,150,8,3,0.99073,0.00767,0.9381577750144066
GreedySelection,instance,150,16,3,0.99101,0.00898,0.9269223007063572
GreedySelection,instance,300,4,3,0.991715,0.0067,0.9493399856584489
GreedySelection,instance,300,8,3,0.990745,0.00865,0.956026420506191
GreedySelection,instance,300,16,3,0.99126,0.0078,0.894821875757331
VR,p-value,30,4,3,0.99137,0.00475,0.0001721536420621981
VR,p-value,30,8,3,0.990565,0.00443,0.00015219773529769878
VR,p-value,30,16,3,0.99111,0.00483,3.039359708221468e-05
VR,p-value,150,4,3,0.990175,0.00363,0.0005081404093579138
VR,p-value,150,8,3,0.991115,0.00373,0.0002129903850054769
VR,p-value,150,16,3,0.991565,0.00458,0.00018223972623543347
VR,p-value,300,4,3,0.991145,0.00846,0.0008175624526873581
VR,p-value,300,8,3,0.99033,0.01153,0.000393069875729447
VR,p-value,300,16,3,0.990685,0.01005,0.000312682818583446
VR,instance,30,4,3,0.99103,0.00879,0.7164959378311551
VR,instance,30,8,3,0.991355,0.00545,0.5077821405440415
VR,instance,30,16,3,0.99173,0.00735,0.35092500075695643
VR,instance,150,4,3,0.991315,0.00768,0.5489998081408852
VR,instance,150,8,3,0.991325,0.00737,0.4836669966263308
VR,instance,150,16,3,0.99127,0.00631,0.3103301815239925
VR,instance,300,4,3,0.99099,0.00838,0.5850700755280908
VR,instance,300,8,3,0.990825,0.00961,0.4929080160603676
VR,instance,300,16,3,0.991475,0.00664,0.3371396234804313
CountAbsSHAP,p-value,30,4,4,0.990595,0.00359,0.5237921160056053
CountAbsSHAP,p-value,30,8,4,0.991035,0.00923,0.04128921618077272
CountAbsSHAP,p-value,30,16,4,0.990745,0.00785,0.011158954454484808
CountAbsSHAP,p-value,150,4,4,0.99034,0.00828,0.24580367254489566
CountAbsSHAP,p-value,150,8,4,0.98867,0.01471,0.037044503805251754
CountAbsSHAP,p-value,150,16,4,0.9907,0.00907,0.002705786141932618
CountAbsSHAP,p-value,300,4,4,0.990195,0.00547,0.24334083947010732
CountAbsSHAP,p-value,300,8,4,0.99102,0.00795,0.12904170749199487
CountAbsSHAP,p-value,300,16,4,0.99064,0.00412,0.004038968946620662
CountAbsSHAP,instance,30,4,4,0.988545,0.00319,0.7873872771045007
CountAbsSHAP,instance,30,8,4,0.991055,0.00385,0.5401943283703193
CountAbsSHAP,instance,30,16,4,0.991905,0.0045,0.463892908095638
CountAbsSHAP,instance,150,4,4,0.99048,0.00259,0.730669513497026
CountAbsSHAP,instance,150,8,4,0.991705,0.00386,0.7242395697225683
CountAbsSHAP,instance,150,16,4,0.98844,0.00235,0.4435627993423404
CountAbsSHAP,instance,300,4,4,0.990375,0.00327,0.7232983069449808
CountAbsSHAP,instance,300,8,4,0.99054,0.00311,0.5167802964874668
CountAbsSHAP,instance,300,16,4,0.98955,0.00197,0.4033249411356988
MinPopulation,p-value,30,4,4,0.990675,0.01,0.040157361174156456
MinPopulation,p-value,30,8,4,0.99078,0.00732,0.0003337108648167624
MinPopulation,p-value,30,16,4,0.990065,0.01078,0.00023210987879827632
MinPopulation,p-value,150,4,4,0.9902,0.00996,0.11760369966476837
MinPopulation,p-value,150,8,4,0.99118,0.00571,0.0007489347920693878
MinPopulation,p-value,150,16,4,0.990435,0.0098,0.016705865727235102
MinPopulation,p-value,300,4,4,0.99085,0.00483,0.19329366567666467
MinPopulation,p-value,300,8,4,0.99071,0.00933,0.033368660105980316
MinPopulation,p-value,300,16,4,0.99075,0.00626,0.0021260225155908317
MinPopulation,instance,30,4,4,0.991435,0.00431,0.7422354585789825
MinPopulation,instance,30,8,4,0.98921,0.00289,0.4868695926873261
MinPopulation,instance,30,16,4,0.990015,0.00376,0.4901350898057512
MinPopulation,instance,150,4,4,0.99065,0.00355,0.6011981520028431
MinPopulation,instance,150,8,4,0.98995,0.00363,0.5562107917399571
MinPopulation,instance,150,16,4,0.99097,0.00341,0.42309839143451566
MinPopulation,instance,300,4,4,0.98989,0.00396,0.7971923475715128
MinPopulation,instance,300,8,4,0.991535,0.00354,0.506765591267066
MinPopulation,instance,300,16,4,0.991165,0.00293,0.4518705722347401
GreedySelection,p-value,30,4,4,0.99121,0.00624,0.9981085509679769
GreedySelection,p-value,30,8,4,0.990785,0.00817,0.9979085416371977
GreedySelection,p-value,30,16,4,0.99162,0.00589,0.9979375815110249
GreedySelection,p-value,150,4,4,0.990785,0.00893,0.99665825340737
GreedySelection,p-value,150,8,4,0.99015,0.00764,0.9963155657226147
GreedySelection,p-value,150,16,4,0.98927,0.01263,0.9969833630961389
GreedySelection,p-value,300,4,4,0.99135,0.00587,0.9937283146362929
GreedySelection,p-value,300,8,4,0.991075,0.00472,0.9930081976349469
GreedySelection,p-value,300,16,4,0.98993,0.00865,0.9934547956014608
GreedySelection,instance,30,4,4,0.989905,0.00357,0.9457890134027538
GreedySelection,instance,30,8,4,0.991025,0.00416,0.9143184514454326
GreedySelection,instance,30,16,4,0.991125,0.00483,0.9133910118734044
GreedySelection,instance,150,4,4,0.99079,0.00402,0.9403814935064935
GreedySelection,instance,150,8,4,0.99119,0.00349,0.9023299217949629
GreedySelection,instance,150,16,4,0.991645,0.00351,0.8939096068098905
GreedySelection,instance,300,4,4,0.991085,0.00333,0.893455098934551
GreedySelection,instance,300,8,4,0.989685,0.00325,0.9182491705847632
GreedySelection,instance,300,16,4,0.98986,0.00369,0.8939913159313003
VR,p-value,30,4,4,0.99113,0.00538,0.000162002349034061
VR,p-value,30,8,4,0.99142,0.0052,2.0242095461722196e-05
VR,p-value,30,16,4,0.991135,0.00815,2.019345328244583e-05
VR,p-value,150,4,4,0.990455,0.00922,0.00026259178087725853
VR,p-value,150,8,4,0.98913,0.01135,0.00023241478966461534
VR,p-value,150,16,4,0.990455,0.00938,0.00019186298962930052
VR,p-value,300,4,4,0.990275,0.01004,0.002412703540314358
VR,p-value,300,8,4,0.99058,0.00641,0.000698684650202011
VR,p-value,300,16,4,0.990425,0.00898,0.00017174666356849157
VR,instance,30,4,4,0.99016,0.00294,0.5451152289323271
VR,instance,30,8,4,0.99078,0.00252,0.36964474432972927
VR,instance,30,16,4,0.99076,0.00356,0.31558858163803954
VR,instance,150,4,4,0.991425,0.00419,0.5555600583562976
VR,instance,150,8,4,0.991235,0.00476,0.44100159030823616
VR,instance,150,16,4,0.99125,0.0033,0.2721850273889227
VR,instance,300,4,4,0.991375,0.00575,0.6057157309054122
VR,instance,300,8,4,0.9914,0.00351,0.4620555403473553
VR,instance,300,16,4,0.99044,0.00392,0.39950243704305444
